facebookId,pageName,text
100063475976867,antulangbeach,"Very friendly, respectful and accomodating staff.  I'll surely go back."
100063475976867,antulangbeach,I donâ€™t like the pasta that they serve. â€œDugmokâ€..  they did not even replace it.
100063475976867,antulangbeach,nice place with a large pool for children and adults.
100063475976867,antulangbeach,..it so amazing...mesmerizing..nature beauty..so relaxing
100063475976867,antulangbeach,"Great place, near my home in the phillipines. I love it."
100063475976867,antulangbeach,nice resort..and etc...
100063475976867,antulangbeach,Antulang Beach is the place to go when i visit my home town! My sister recommended this breathtaking place for me to relax and enjoy this vacation.
100063475976867,antulangbeach,"Very beautiful place to relax, enjoy and commune with nature"
100063475976867,antulangbeach,"very resort,,"
100063475976867,antulangbeach,nice place
100057403481460,balucanbeachresort,we only want to know how much rate per room.
100083413927396,BenuelsBeach,the view and the place itself will just leave you in aweğŸ§¡
100083413927396,BenuelsBeach,"mas ok na ang access road going to the beach, so it a good sign. And the beach itself is good and the ambiance is relaxing"
100063940209844,BarcelonaSpringFarm,good and nice place to refresh!
100063940209844,BarcelonaSpringFarm,...highly recommended for family outing..   and barkadahan for relaxation with their live band'
100063940209844,BarcelonaSpringFarm,"I loved it very nice place d pool also !!!you can make your family play here very wide and acomodating very relaxing place,kung mahilig ka sa sabong daghang sunoy dri kapilian je je je..."
100063940209844,BarcelonaSpringFarm,Nice place... and it's a cool for family bonding.
100063940209844,BarcelonaSpringFarm,A must-visit resort! Nice n cool place to spend with your family n friends!
100063940209844,BarcelonaSpringFarm,Nice to look around with all the green.I will expect more after two years.So much fun when we are there together with our classmates in High School.
100063940209844,BarcelonaSpringFarm,"if you love music x pool. You should try this place. #worthit ğŸ‘Œ 

Spend time with my friends."
100063940209844,BarcelonaSpringFarm,I love barcelona spring resort. The foods are great..
100063940209844,BarcelonaSpringFarm,Nice place n cool.
100063940209844,BarcelonaSpringFarm,I Love Barcelona spring farm! Why? Libre ko tanan!nonoy baje is my long best friend and our wives as well are sisters! Toink!
100064698612410,BawbawonBeachResort,"the food is great, place is clean, quiet. great place to relax however I hope they can provide even a drinking water to the guests and accommodation coz it's difficult to ride the boat esp if it's low tide."
100064698612410,BawbawonBeachResort,"This place exceeded our expectations! When they say, itâ€™s a hidden gem ğŸ’ It is true!!! My family was blown away by everything; the staff, the food, the service, and the breathtaking nature! NO WORDS CAN CAPTURE my feelings! Such an amazing place!"
100064698612410,BawbawonBeachResort,"A nice,quite and romantic enviroment.
A virgin gem beach.
A great place to hang around if you need a private place during your cogitate life journey and purpose."
100064698612410,BawbawonBeachResort,"Well-trained and very accommodating staffs, the delicious foods were served with style and this is the best place to relax in Plaridel, Misamis Occidental. 5 out of 5"
100064698612410,BawbawonBeachResort,"WOW! This is our first time in Plaridel, and Bawbawon Beach Resort is just an amazing staycation with my loved ones. The staff our very accomodating and very kind (SUPER). The foods are all good and worth it. A million thumps up to this resort. ğŸ˜"
100064698612410,BawbawonBeachResort,"It""s romantic view and peaceful a very rewarding and relaxing place to unwind your busy life."
100064698612410,BawbawonBeachResort,"Loving it.
Easy access to the beach, nice and peaceful place. Perfect for family or a group of friends. Very nice ambience, family friendly and superb service. Everyone is very nice and makes you feel welcome. I would highly recommend. Very friendly staffs who went above and beyond to make our stay enjoyableâ€¦ ğŸ’—ğŸ’•ğŸ¥°ğŸ‘ŒğŸ‘"
100064698612410,BawbawonBeachResort,Excellent Place to unwind ğŸ’šğŸƒğŸŒ´ğŸŒŠâ›±ï¸
100064698612410,BawbawonBeachResort,"Thank you so much Bawbawon Beach Resort, Le Bistro & Hotel Bijoux team!!!! The best food, accom & customer service ğŸ‘ğŸ‘ğŸ‘. We will be back again soon, for sure!"
100064698612410,BawbawonBeachResort,Bawbawon beach resort is an excellent location for relaxation. The place is quiet and peaceful and the staffs are really friendly.
100063525865421,bethesdapooltibanga,Affordable price and nice place ğŸ‘ğŸ‘ğŸ‘
100063525865421,bethesdapooltibanga,"the pool and area so nice.. 
affordable price...  its good......"
100063525865421,bethesdapooltibanga,Affordable price and nice place ğŸ‘ğŸ‘ğŸ‘
100063525865421,bethesdapooltibanga,"the pool and area so nice.. 
affordable price...  its good......"
100078224583616,brentsgardenresorts,"Nice place, good accomodation and a welcoming place"
100057399311927,calumbabeachresort,Beautiful and very clean place
100057399311927,calumbabeachresort,Very accommodating ang caretakerğŸ˜ğŸ˜
100089266634052,casaelcorahighlandresort,"Nice experience, nindot ang view. Recommended ğŸ‘"
100089266634052,casaelcorahighlandresort,"2 out of 5
TBH area is not safe at all specially for kids no onduty lifeguard and staff are inattentive and careless to their client. Lack of good costumer service. But still, thanks for the experience. We hope you'll never do that to your future clients guixxx .
~adios~"
100089266634052,casaelcorahighlandresort,"highly recommended
ğŸ’¯% thumbs up ğŸ‘ğŸ‘ğŸ‘
â¤ï¸â¤ï¸â¤ï¸â¤ï¸â¤ï¸â¤ï¸â¤ï¸â¤ï¸â¤ï¸"
100089266634052,casaelcorahighlandresort,Scenic view. Friendly staff. Affordable . Will definitely go back
100089266634052,casaelcorahighlandresort,"try to visit here you will not regret the ambiance,"
100079500530445,DakakParkandBeachResort,the flight distance is worth it for the beautiful view of dakak and the experience of the jetski is very enjoyable
100079500530445,DakakParkandBeachResort,"We had our first experience to stay at Dakak delixe room and its ao comfy . The ameneties (pools , beach are the best ) the people are very friendly and kind"
100079500530445,DakakParkandBeachResort,Very nice place ğŸ‘ if you want to visit Dakak this place is worth it
100079500530445,DakakParkandBeachResort,"BITCOIN INVESTMENT NOTICE!!
Awesome trading platform, incredible withdrawal I have been using this platform together with the most recommended Forex strategy on the internet from Mrs Bruce Donna and so far  i have no complains making $17,000-$19,000 on a weekly basis.. She is great and Straightforward when it comes to making profit for her clients and i am thankful i was so lucky enough to have met her.
Contact via her 
Email: Brucedonna442@gmail.com
Facebook Page: Mrs Bruce Donna"
100079500530445,DakakParkandBeachResort,"The Best online Forex/Binary broker and Trader is no one else but Mrs Bruce Donna the most tremendous, honest and very hardworking in her work. I did set up my Trades on Mrs Bruce Donna verified Trading company/platform with the standard plan of $1,000 where Mrs Bruce Donna carried out massive trade effectively and was able to earn a total profit of $12,950 after 7 days without any extra fee or commission. â€œDonâ€™t Go Back To The Less, Because Your Impatient To Wait For The BESTâ€ Contact Mrs Bruce Donna directly through,
WhatsApp +1(937)459-0619
Email: Brucedonna442@gmail.com
Facebook: Mrs Bruce Donna"
100079500530445,DakakParkandBeachResort,"the dakak park and beach resort is a beautiful place,  very amazing place, beautiful spots,  relaxing beaches and stressful places. thank you"
100079500530445,DakakParkandBeachResort,Nice place but the food buffet was very disappointing. Lami ra lantawon ang food pero mga walay lami puros tab'ang. Not worth the price.
100079500530445,DakakParkandBeachResort,Dakak is a place where the food is very delicious. Their customer service fast and quick.
100079500530445,DakakParkandBeachResort,I love it here!!! the services are good and the personnel are accomodating ğŸ¥°
100079500530445,DakakParkandBeachResort,very beautiful place and yummy food
100083616360335,DonNathanielsPH,"Cleaned Restroom
Sufficient Water Supply
Cleaned Cottages
Great Ambiance

Highly Reccomended"
100063667789014,DonelBeachResort,"The place is awesome and the party last sat nyt was lit af. However, the short, fat ticketing staff was so rude that I couldn't understand why. I politely greeted her with ""Mayng gabii, Maam."" but on a maldita tone, she replied with ""WA JUY MAAYO SA GABII."" I did not mind her since I'm in the zone to party. I couldn't let her ruin our night. Then I asked her how much the tickets are but then again she responded with a condescending tone na ""Kapila na diay ka nakaanhi diri? Nganu mangutana pa man ka?"". As a first timer from Cebu City, I asked politely since one, I honestly don't know how much and two, there could've been special rates since there's an event. Nonetheless, after we secured our tix, we got inside and partied like there's no tomorrow ğŸ˜Š the MAYOR even had a lil chitchat with my friends and welcomedus with glee. Staff like that could ruin an establishment with good vibes. She could've been more friendly. I still wanna comeback if given the chance but I hope she'll be reassigned in the kitchen where no one's gonna interact with her ğŸ˜‚"
100063667789014,DonelBeachResort,"nice place,  always happy"
100063667789014,DonelBeachResort,"Staff are rude and most specialy the son of the owner itself ang the stockholder kuno xa. Never know how to handle guests, my experience here will never be forgotten.. (di ma draqing na experience ) ğŸ˜”ğŸ˜•ğŸ˜¢ğŸ’” This is surely my first and last to visit this resort.. Poor on management. 
Good if u are rich they will accommodate u well..
Godbless."
100063667789014,DonelBeachResort,it's nice and relaxing ğŸ˜ğŸ˜
100063667789014,DonelBeachResort,It was fun! Till next timeğŸ˜Š
100063667789014,DonelBeachResort,"approachable and accommodating...
relaxing ambiance..."
100063667789014,DonelBeachResort,Dili worth it and rent sa tent nila.
100063667789014,DonelBeachResort,Very relaxing ambiance. Clean and well maintained resort.
100063667789014,DonelBeachResort,"Over all nice ang resort, esp the party! Need lang i improve ang toilet."
100063667789014,DonelBeachResort,"Excellent!. 
Super duper limpyo!."
100064104934800,EribertaSpringsOfficial,This is a cool place to cool off  and relax..
100064104934800,EribertaSpringsOfficial,"Great place to chill this summer, very refreshing spring pools"
100064104934800,EribertaSpringsOfficial,nice place for family bonding
100064104934800,EribertaSpringsOfficial,"Pls clean the surroundings, side walks it's very slippery. They are collecting entrance fees so it's just right they have to maintain the cleanliness. We were there last December 27, stray dogs were inside too, as we were eating we smelled dogs feces. Ang daming lumot."
100064104934800,EribertaSpringsOfficial,"Come and visit this Eriberta Spring very nice, clean and most of all your safe.."
100064104934800,EribertaSpringsOfficial,"Had a bad management experience in this resort during our visit which definitely will be the last one. We occupied a vacant cottage but after a few minutes we were shoved away because apparently the personnel said that was reserved. Unfortunately there was no sign whatsoever that the unit was reserved. But we gave in anyways since they insist. We stayed on the cottage beside the unit. sometime in the afternoon,somebody occupied the unit so we asked them if they were the one who reserved it,but they said no. Towards the end of the day just before we left, we met the group who reserved the unit. And they said they only reserved it for overnight stay. We felt unfairly treated. I dont know about you but thats not how you treat customers. First impressions always last."
100064104934800,EribertaSpringsOfficial,Alkaline water and the beauty of nature...
100064104934800,EribertaSpringsOfficial,Ka pila naku nag balik ani nalugar ug Dili q Mapul.an ğŸ¥°ğŸ˜
100064104934800,EribertaSpringsOfficial,https://m.facebook.com/story.php?story_fbid=165829698292546&id=100045965508258
100063709223295,garbemcoswimmingpool,"Suggest ko lang sa inyo.. Maganda ang view pero ang mga staff mga bulok! hindi marunong mag approach ng tao..para pang galit.. mag bayad pa ng 25 ang isa kung mag dala ng softdring kasi ang gusto nila doon nalang bumili.. bakit niyo pipigilan kong ano ang inumin ng tao.. Ayosin nyo mga tagapag pamahala.. Kung hindi mag close nalang kayu!

GODBLESS."
100063709223295,garbemcoswimmingpool,limit ur acomodation.if u dont allow souds better do not allow it for evrybody
100063709223295,garbemcoswimmingpool,No for pet lovers cause they are not pet friendly ğŸ‘ğŸ‘ğŸ‘ğŸ‘ğŸ‘
100063709223295,garbemcoswimmingpool,"It was absolutely okay ang place, pero ang usa ka staff ninyo kay mali iyang pag approach sa amoa, wala miy nakita nga professionalism sa iyaa nga ni approach nga bawal mag kanta sa video singko kay giabangan instead niduol siya namo diritso ingon nga ma'am bawal pakantahan with poker face wala nahuman among song unta gipahuman or if unsa man gali in a nice way nalang unta siya ni approach kasi wala pud mi kabalo nga di diay pwede pakantahan kasi nakita namo open lang videokihan walay tawo na didto, maong nihapit mig kanta pati wala man sab niingon sa amoa bawal nga naa raman unta poy usa nga gabantay sa kilid nga pool ga smile ra gali sa amoa galantaw ug galingkod."
100063709223295,garbemcoswimmingpool,"I recommend tarungon ninyog training ang pamatasan sa inyong staff/s. Grabi ka bastos mu approach, facial expression and the way mangistorya. Note nga dili tanang naligo diha kay ikapila na, pila ray pag inform ug sakto nga dili diay open for all inyong videokihan. Ganahan ka anang palungon rag kalit? And kung manubag pilosopa? Very wrong ante"
100063709223295,garbemcoswimmingpool,Hope to visit this place soon â¤ï¸â¤ï¸â¤ï¸
100069125689652,Geefarmresort,"family athmosphere,  clean,  a welcoming staff... very good for an intimate celebrations"
100083324559706,GratumBeachResort,Staff are very friendly and accommodating ğŸ‘ğŸ¿â¤ï¸
100083324559706,GratumBeachResort,"The best/safe place to unwind with familyâ¤ğŸ’•â¤
Big thanks to all staffs very accommodating and approachable"
100083324559706,GratumBeachResort,"An over night stay at Gratum2. Thank you to all the accommodating staff.. and to the management. Peaceful, relaxing, Clean and safe for campers. We enjoy a lot our stay plus the Unlimited internet at the top.

Hope to have an internet connection too along the beach. See you again Gratum2. Kudos!"
100083324559706,GratumBeachResort,Very accommodating staff!
100083324559706,GratumBeachResort,"Economy Great reset is here, cashless economy is here. Make more money with your free time. Invest in Forex and cryptocurrency trading. Professional and efficient broker. It's safe and lucrative, contact Mrs. Petra Louis on WhatsApp:+15853762579 or Email:petralouis144@gmail.com"
100083324559706,GratumBeachResort,The place is so relaxing and the rooms are conducive. Big thumbs up!ğŸ’š-TeamNDMC-
100083324559706,GratumBeachResort,"Very accommodating from reservation to check out. Polite and friendly staff..clean,cozy and affordable rooms..
Delicious food and beverages with very reasonable prices..
Breath taking ambiance..
Thank you!We really enjoyed our stay!"
100083324559706,GratumBeachResort,"Yes it so nice and accomodating, money is so worth it."
100083324559706,GratumBeachResort,"Very accomodating both online and offline staff.

Great place to stay for all ages. Nice retreat from the busy routines.

Appreciated preservation of trees and nature and turtle nest.

Will surely be back soon"
100083324559706,GratumBeachResort,I love the ambiance.. Calm and peaceful as well as clean.... Beyond my expectations.. Hoping that the management be able to maintain the cleanliness and friendly atmosphere..
100064269304996,hunasanresort1224,"good services,,& nice sounds system"
100064269304996,hunasanresort1224,The foods and drinks are very affordable.
100064269304996,hunasanresort1224,ğŸ“Balik balik ta ari puhon! Daghang salamat sa accomodation Hunasan peeps ğŸ¥¹âœ¨
100064269304996,hunasanresort1224,"superB kanindot. busug kaayu mi. sulit among gi travel from Casa Mira South to Carcar. true, sundlunon sya, per adventurous kay nilabang mi ug sapa. but all in all, sulit. lami kaayu ilang food, worth it ra sa price na among nabayran. 12 mi kabuok with 15 dishes 2k+ ra amo nabayran. amazing! balik mi diri pohon. â™¥ï¸ğŸ’¯"
100064269304996,hunasanresort1224,Lami kaayo ang mga pagkaon ! Dili kamahayan then very ka affordable.... So unsa pay gihuwat.. Pangari namo sa Hunasan â˜ºï¸â˜ºï¸
100064269304996,hunasanresort1224,enjoy the momentğŸ˜‚ğŸ˜‚ğŸ˜‚ğŸ˜‚ğŸ˜‚
100063848051680,jehovengardenresortofc,"very accommodating,,  malinis ang mga rooms and pools,  and peacefull,  mababait dn staffs.. 
surely babalik kmi dto"
100063848051680,jehovengardenresortofc,"Wow! Salamat Jehovens for a very relaxing venue to conduct our activities.
The place is superb and peaceful as it provides inpressive amenities from reception, accomodation, function hall, swimming poll and the rooms for over night stay. The food is also very yummy. Worth it to recommend to my friends."
100063848051680,jehovengardenresortofc,yeah yummy food.. i like the trees.. the birds and the breeze of the air.
100090023596883,kayleespalmresort,Very nice nand far from the city. The venue is clean and its good for family gatherings
100090023596883,kayleespalmresort,"peace, safe and elegantğŸ¥°ğŸ¥°ğŸ¥° 
bsta super relaxing mkawala jud ug stress, feel  kaau nmo nga mura kag nag vacation sa imong private resort.... ganorn! plus free wifi ug boutan pa kaau ang mga staff."
100090023596883,kayleespalmresort,Ma amaze jud ka sa place...makawalag stressğŸ˜ğŸ¤ğŸ¤ğŸ¤
100063717441076,caluaninfinitypool,"We are very disappointed! We traveled for 5 hours to enjoy the scenery and the pool itself but the power went out for the entirety of our stay. Instead of accommodating us for the power outage, we were left mostly to our own devices. The room itself was very hot and full of mosquitoes, we did not have enough beeds, pillows and blankets. The scenery was nice and the pool was better."
100063717441076,caluaninfinitypool,"Superb place for family, friends or lovers outing. Sementado ang daan paakyat sa lugar. Mababait at approachable ang mga taong nagttrabaho. Sulit na sulit kahit malayo para saming mga taga zamboanga at zamboanga sibugay. For sure we'll visit again. Thank you."
100063717441076,caluaninfinitypool,ğŸ‘ğŸ‘Šâ¤ğŸ˜ğŸ˜ğŸ˜ğŸ˜ğŸ˜ğŸ˜ğŸ˜ğŸ˜ğŸ˜ğŸ˜ğŸ˜ğŸ˜ğŸ˜
100064256402905,LAGAGSpringMountainResort,10 STARS...................................
100063504563898,lumbiahillgardenresort,awesome ambiance so relaxing and stress relieverâ¤ï¸
100063504563898,lumbiahillgardenresort,"relaxing,comfortable place to hang out w/ family"
100063504563898,lumbiahillgardenresort,"Been there nung april 14 lang. walk-in lang kami. maganda yung place tapos malinis. malinis din talaga ang swimming pool. masarap yung pagkain nila. chicken and halo-halo inorder namin. friendly staff pati yung may-ari maganda din pagtanggap sa mga guests. recommended po na puntahan yung Lumbia Hill Graden Resort.
Customer service - 5/5
pwede po magovernyt doon kung gusto nyo. may rooms sila."
100063504563898,lumbiahillgardenresort,very nice place to go. to unwind.to escape the noiseof the city
100063504563898,lumbiahillgardenresort,Beautiful though not fully developed Pero sulitâ¤ï¸
100063504563898,lumbiahillgardenresort,So beautiful place romantic...
100063504563898,lumbiahillgardenresort,Very nice place and fresh air  please... visit here and have fun
100063504563898,lumbiahillgardenresort,"lovely view, fresh air, and has a variety of fun activities to choose from...ideal for photoshoots, personal time of relaxation, family recreation, and group outings."
100063504563898,lumbiahillgardenresort,Mind refresher... Eco friendly
100063504563898,lumbiahillgardenresort,very nice place....visit the resort and have fun...
100065712810558,maligroresort,"Great service! Very affordable! I totally recommend this for a family getaway. Kudos to this resort. More power. Thank youuuuuuu so much for the great experience! All our request was granted with such reasonable price. Room rates are so affordable, really cozy, clean. Really had a blast. The resort is so considerate with their customer's requests. I love it ğŸ¥°"
100065712810558,maligroresort,honest and professional staffs. they've found and returned my lost wallet. kudos to manager John and front desk staff.
100065712810558,maligroresort,nice place to be with people you love
100065712810558,maligroresort,Thank you Maligro ocean view resort. And for your very accommodating staff. We had a great time!
100064468133259,munimuniresort,"Beautiful beach, vibrant marine life for scuba diving, challenging wall for rock climbing. ğŸ˜"
100064468133259,munimuniresort,Nice placeâ˜ºï¸ daming instagramable areasğŸ¥°
100064468133259,munimuniresort,Nice place to unwind and do some extreme adventure activities and most especially not crowded!ğŸ‘Œthank you guys!ğŸ‘ğŸ» 5 stars
100064468133259,munimuniresort,Kalinawan resort is one of the best place to escape from the city. That truly you can see the amazing creations of God.
100064468133259,munimuniresort,Simply the best place I've ever been in Samal Island. The view was breath taking and the rock climbing and rappelling experience was incredible!
100064468133259,munimuniresort,"Nice water, accomodating staff and good place to relaxï¿½ï¿½ï¿½ï¿½"
100064468133259,munimuniresort,"Nice is an understatement for Kalinawan Resort. Our stay there was extremely satisfying! (1) The place was well-kept. (2) Water was cool and pristine. (3) Staff was very efficient and accommodating. (4) Extreme outdoor activities were really fun!

Having our company summer outing at Kalinawan resort was an excellent choice. Everyone had a great time! Thank you for making Ingenuity Summer Outing 2017 a memorable one :)"
100064468133259,munimuniresort,The best place to be away from the city... ï¿½ï¿½ï¿½
100064468133259,munimuniresort,"Kalinawan to relax, bond, enjoy nature at its finest, retreat, recollect, work and plan as a team, build a team and many more....  The place is worth the challenges encountered along the way... Masarap balik balikan ï¿½"
100064468133259,munimuniresort,"Thank you Kalinawan for the best memories of Samal Island. Sir Eric John, I am forever grateful for literally going an extra mile for me and my family. And to you Aris, thank you for taking good care of us all throughout our stay. Hats off to you, guys!"
100068324346973,PahaliResortBasilan,"Very nice beach, fine white sand. Peaceful. Clean. But food is not worth the price. We booked in a big villa with 4 queen sized bed, but the 6999 is good for 4 only. We still need to pay for an additional 1300 per person. The food is not good. Service crew did not even orient us with the amenities we can use if we book a villa. We just found out before checking out that we can use the kayak for free. If we did not ask, we were not told. Pricy masyado not worth it"
100068324346973,PahaliResortBasilan,2times na pag book ko dito hindi maganda napaka bagal ng response nila aabutan tayo ng siyam siyam. nakakainis.
100068324346973,PahaliResortBasilan,"The place itself is beautiful and peaceful.
The very reason I don't recommend this place is that it actually isn't tourist friendly. Sa dami na ng beach at provinces na napuntahan ko d2 lang ako gumastos ng something not worth my money.
I was oblige to pay 600php pra makapasok sa resort for consumable food WITHOUT CHOICES kasi hindi raw ako naka check in guest sa resort. And the serving was actually too small for ""sharing"".
My partner and I wanted to feature this place sana kea we wanted to take pictures lang, experience the fine white sand and blue water. Pro kung gusto daw nMin ng ganun we were allowed just 10mins to take shots, no ligo etc. and that SOUNDS TOO DISAPPOINTING.
Also according to our motor driver there was even a time na hindi na nagtuloy 1 guest nya dahil gulat sya sa presyo, so instead ipinasyal nlng ni kuya driver sa ibang resort.
Also kung walang mag overnight na guest, no walk-in guest is allowed na beyond 5PM.
NOT DIY FRIENDLY."
100025794596448,palomasbeachresort,it's so clean and doesn't smell bad . the concrete cottages is so clean but only lots of red ants on the sand  but it's okay ..
100025794596448,palomasbeachresort,Absolutely Perfect get away for family and friends. They keep things organize and safe. They do reminder and they have security guard.
100025794596448,palomasbeachresort,so nice beach resort for family- friendly bonding.. beautiful wd white sand
100025794596448,palomasbeachresort,absolutely  nice Beach resortâ›±ï¸ for family & friends
100025794596448,palomasbeachresort,nice place for chillin!!!
100025794596448,palomasbeachresort,Nice nga beach..balik ra mi puhon..
100025794596448,palomasbeachresort,nice view.. nindot para sa family bonding
100025794596448,palomasbeachresort,ğŸ’–ğŸ’–ğŸ’–ğŸ’–ğŸ’–ğŸ’–ğŸ’–ğŸ’–ğŸ’–ğŸ’–ğŸ’–ğŸ’–ğŸ’–ğŸ’–ğŸ’–ğŸ’–ğŸ’–ğŸ’–ğŸ’–ğŸ’–ğŸ’–ğŸ’–ğŸ’–ğŸ’–ğŸ’–ğŸ’–ğŸ’–ğŸ’–ğŸ’–ğŸ’–ğŸ’–ğŸ’–ğŸ’–ğŸ’–ğŸ’–ğŸ’–ğŸ’–ğŸ’–ğŸ’–
100063965530812,LaPiscinasResort,"Pool so nice, w/room hamugaway"
100063965530812,LaPiscinasResort,"I loved the place. Perfect for family. We've enjoyed the peaceful place, fresh air and pool is cool and clean. Also perfect for the children too."
100063965530812,LaPiscinasResort,"My family was enjoying the swimming pool, super nice view, I like the place specialy the pool is so clean ï¿½ï¿½ï¿½
We are so happy and enjoy there,hope we can visit there again ï¿½ï¿½"
100063965530812,LaPiscinasResort,La Piscinas Resort is a perfect place  for relaxation.
100063965530812,LaPiscinasResort,"I love the swimming pool so much..nice ambiance,safe place..and very clean.."
100063965530812,LaPiscinasResort,"LA piscinas resort is the best resort ever..I'd really enjoy the view,pool and especially the bond of my friends that we shared..The most unforgettable moments ..thank LA piscinas resort for the good accommodation..job well doneï¿½ï¿½ï¿½ï¿½"
100063965530812,LaPiscinasResort,A best bonding ever wid my st. Jonh batch '97 I miss them so much...A very nice place for having fun for ur family nd friends
100063965530812,LaPiscinasResort,"Its nice resort,,,and  we spend a lots of fun here with my friends"
100063965530812,LaPiscinasResort,I love La Piscinas resort it was a great privilage that I was I am enjoying there swimming pool and there view:-)
100063965530812,LaPiscinasResort,LA piscinas resort isa ito sa MBA lugar na napuntahan ko at hindi ko mkakalimutan....napakagandang resort i really enjoy that resort
100064304551339,plusbeachresort,good room service and friendly management
100064304551339,plusbeachresort,Highly recommended!! They follow strict protocols and sanitations. A good and chill place to go!! â¤ï¸
100064304551339,plusbeachresort,"perfect ambience, safe and secured
highly recommended"
100064304551339,plusbeachresort,RECOMMENDABLE RESORT MUST VISIT â€¼ï¸â¤ï¸â€¼ï¸
100064304551339,plusbeachresort,"So disappointed ğŸ˜ Nag booked me! nag Down payment para sure  pero pag abot namo,Ingnun rakag walay bakante Kay Puno naay ga rent tibookğŸ«£Wala man lang mi ge adviceğŸ˜.Kaloka ğŸ˜"
100064304551339,plusbeachresort,worth it kaayo inyong money sa rooms palang bawi na kaayo. tapos ang view chada pd sya .
100064304551339,plusbeachresort,ğŸ‘ğŸ¼ğŸ‘ğŸ¼ğŸ‘ğŸ¼ğŸ‘ğŸ¼ğŸ‘ğŸ¼ğŸ‘ğŸ¼ğŸ‘ğŸ¼ğŸ‘ğŸ¼ğŸ‘ğŸ¼ğŸ‘ğŸ¼ğŸ‘ğŸ¼ğŸ‘ğŸ¼ğŸ‘ğŸ¼ğŸ‘ğŸ¼ğŸ‘ğŸ¼ğŸ‘ğŸ¼ğŸ‘ğŸ¼ğŸ‘ğŸ¼ğŸ‘ğŸ¼ğŸ‘ğŸ¼ğŸ‘ğŸ¼ğŸ‘ğŸ¼ğŸ‘ğŸ¼ğŸ‘ğŸ¼ğŸ‘ğŸ¼ğŸ‘ğŸ¼ğŸ‘ğŸ¼
100064784768156,royalfarmresort,"We checked-in in 1 of the rooms, water coming out from the shower is very very slow! Wi-fi in the room is very very very slow!! Worst, because of the very slow connection,there are times that there is no internet inside the room; Staffs arent helpful when we had simple requests!! In short, not worth the money to stay in this resort!!"
100064784768156,royalfarmresort,"Thank you Royal Farm, my family & I always had a great time! every time we visited your resort.All staff are kind,nice & approachable not compared at Manuel Resort.Royal farm had always good vibes environment & beautiful open view place.We very much like their management ğŸ™‚ğŸ‘."
100064784768156,royalfarmresort,Customer Service is great!!
100064784768156,royalfarmresort,Poor customer service. Staff are not accommodating.
100064784768156,royalfarmresort,Always fun to visit Royal Farm when we visit Dipolog - https://youtu.be/d-sRmUf35bk
100064784768156,royalfarmresort,Hindi nila pina paliguan yung pool nila pag tung2 ng 8pm dapat unli ligo kasi guest kami dito nakaka disappoint lang kasi ang layo ng byahe namin tapos pag dating hindi pala kami makapag relaxğŸ‘â€¼ï¸
100064784768156,royalfarmresort,"Affordable, child-friendly!!! 

PLUS mga staff mga bootan, approachable, walay libog, abtik!!!

Thank you Royal Farm!!!"
100064784768156,royalfarmresort,amazing resort.  staff are so helpful.  kids loved it. definitely coming again.  from the Marshall family.  United kingdom ğŸ‡¬ğŸ‡§
100064784768156,royalfarmresort,"nice place, lots of swimming pool, function hall.. Great hotel bar.. helpful concierge.."
100064784768156,royalfarmresort,I love these place its very convenient
100063558056786,solaj.resort,"Good food, good stay, warm and accommodating staff. â¤ï¸"
100063558056786,solaj.resort,"The place was nice, but we were really disappointed because our food was served after almost 2 hours. Not even one staff came to us to explain the delay. Customer service need improvements."
100063558056786,solaj.resort,"Nice place but the serving of food needs improvement. We have to wait couple of minutes, almost an hour for the food to be serve."
100063558056786,solaj.resort,"Good food, Family friendly place and relaxing ambiance â™¥ï¸"
100063558056786,solaj.resort,"well... it's nice, very relaxing and you can Also Bath in the ocean.."
100063558056786,solaj.resort,"Every staff were friendly and accommodating. The place was great! The food was a 6/10. Overall, a great experience â™¥ï¸"
100063558056786,solaj.resort,"great place, very friendly staff, and clean surroundings. great food too! definitely recommended ğŸ˜ŠğŸ’œ"
100063558056786,solaj.resort,"Good food, friendly staff and the place was really great for a weekend getaway with friends or family. ğŸ’•"
100063558056786,solaj.resort,the best place to dine in and chill..food is so yummy..staff are so friendly..â™¥ï¸ğŸ˜˜planing to come back soon..ğŸ¤Ÿmore power solaj and thank u xo much!ğŸ˜˜ğŸ‰ğŸ‰ğŸ‰
100063558056786,solaj.resort,"very clean & serene place, accomodating staffs & yummy foodsâ¤ï¸"
100063638186640,TalizayBeachResortTabina,"t'was a great experience :) very nice .. but i gope u have ur cook :(    so that we can order :( like tinola, sinigang , sea foods  and dessert :) but all in all.. so nice place :) perfect to chill and relax :) Godbless more power"
100064141930846,TambuligMountainSpringResort,A lots of nice background you will enjoy to have your pictorialğŸ¤£sa mga hilig ug picture2 tambulig spring resort is best talagağŸ˜Šthe staff are very accomodating. The environment was relaxing due to its cleanliness and the beautiful lights at night was so fascinating mapapa wow! ka talaga. In Tambulig Spring Resort you can assure your enjoyment as well as the safety as they are disciplined enough in practicing the healthy protocols being mandated in this pandemic season.
100064141930846,TambuligMountainSpringResort,"I am from California and a few months ago I was confirmed herpes 1 virus positive and ever since then I have been doing research on how I can get rid of the virus, I was lucky to come across aba herbs. I inbox Dr Aire after scrolling through his page, the doctor responded nicely and told me that he is going to ship the cure medications to me via a shipping company, he also said I am going to get cured within. two to three weeks! I never doubted him because many have said so much good news about his herbal medicine on every site and everything really went as planned.. His herbal treatments are completely legit and I recommend you contact him on drairehome@gmail.com or WhatsApp his number on +2347036740271"
100064141930846,TambuligMountainSpringResort,The nice ambience and relaxing view and of course the cold and clean water ğŸ’›
100064141930846,TambuligMountainSpringResort,nice view & well manage by the lgu
100064141930846,TambuligMountainSpringResort,"the environments are stunning, with that massive koi fish on that pond are delightful to see. ahh.. can't wait for another vacation to dive again on tambulig spring.ğŸ˜"
100064141930846,TambuligMountainSpringResort,very nice place and very relaxingğŸ˜
100064141930846,TambuligMountainSpringResort,the amazing super cold pool
100064141930846,TambuligMountainSpringResort,very convenient for the family
100064141930846,TambuligMountainSpringResort,Nice ambiance w d a very cold and clean water...
100064141930846,TambuligMountainSpringResort,verry nice place and relaxing
100064134459504,TubbudFloatingCottage,"Happy and best memorable outing 
malinis at maganda balik balikan magswimming."
100064134459504,TubbudFloatingCottage,very nice... really  satisfying once you experience swimming  & staying there..
100064134459504,TubbudFloatingCottage,We'll be back.Nice experience with a nice place.
100064134459504,TubbudFloatingCottage,"Nice Place To Enjoy and Relax With Family, Friends and OfficematesğŸ’šâ¤ï¸"
100064134459504,TubbudFloatingCottage,everything is cool..love that placeğŸ‘ğŸ‘â¤â¤â¤
100064134459504,TubbudFloatingCottage,It's safe. Boatmen are accomodating and friendly. Cottages are clean. EverythingğŸ˜
100064134459504,TubbudFloatingCottage,"nice Ang water clean and blue,nice view palibotğŸ˜"
100064134459504,TubbudFloatingCottage,"The place was awesome ğŸ˜
Very Accommodating Admin. and staffğŸ˜

Thumbs UpğŸ‘"
100064134459504,TubbudFloatingCottage,nice place & clean kaayu Ang water.
100064134459504,TubbudFloatingCottage,Nice and very accomodating â¤ï¸
100063903583573,villapableamountainresort,"Nice food and accommodations, fresh air, cool nights, safe and the price is right."
100063903583573,villapableamountainresort,The crew here we're very accommodating..Food is delicious..
100063903583573,villapableamountainresort,pretty neat and friendly staff
100063903583573,villapableamountainresort,"Are you looking for the best place to feel peace and joy at the same time while enjoying a good ambiance and a perfect view? 

Come and have a wonderful experience at Villiapablea located at Dipolog City.

Based on my experience, I can say that this is the perfect one for family bondings, vacation, field trips, birthdays, wedding receptions and other celebrations! Because Villapablea has great staffs and Management that will cater you to satisfy your experience with enjoyable adventurous things to do."
100063903583573,villapableamountainresort,"Hospitality - 10/10
Food - 10/10
Ambiance - 10/10
Location - 10/10
Rooms - 10/10

Wifi nalang kulang ğŸ˜"
100077980874293,alintanaqa,"Thank you very much ma'am Leida for making my most special day of the year the best. Everything was beyond my expectation... from the perfect set-up, great food, nice cake, amenities, etc. It was an amazing birthday experience, no regrets."
100069111910985,azzurabeachresort,"Not good...water heater is not functioning, No TV station...not worth the price. ğŸ‘ğŸ½ğŸ‘ğŸ½ğŸ‘ğŸ½"
100069111910985,azzurabeachresort,"What a huge disappointment! They don't give complete details about the reservation and payment policy. We made a reservation (for overnight stay) and have already prepared our budget based on the prices they provided but when we arrived at the resort, turned out there are different charges, which we were not informed. We had no choice because it was already late evening and we're already there. Lost all our energy during the overnight stay.. Crazy experience!! Ang mahal mahal ng cottage tapos iba pa presyo pag gabi. Limited lang pa talaga ang access.. daming extra charges for this and that ğŸ‘ğŸ» Hope this won't happen again. (Coz definitely, hindi na kami babalik!!)"
100069111910985,azzurabeachresort,"Based sa naexpirience ko. HINDI accommodating, HINDI hospitable ang mga WORKERS nila. HINDI malinis ang paligid. maraming pupu ng dog.
So disappointed."
100069111910985,azzurabeachresort,"Though they have poor customer service, but still the beach is amazing."
100069111910985,azzurabeachresort,"Me and my friends had the worst experience booking this place. We went there to unwind and enjoy but we get the opposite. Yes, ganun ka worst. Hindi po malinaw yung instructions and policy nila sa payment. Ang daming binabayaran, kapag nag overnight ka and stay over 7am, ibang entrance nanaman. Ang mamahal pa ng cottages. Seriously, 1,600 for a small cottage overnight? Hindi pa nagana lahat ng sockets. Ibang payment pa if you have a tent. Gusto sana naming hindi na matuloy the day we went there kasi sobrang layo ng price nung booking compared sa actual meeting with their rep, kaso sobrang layo na nang binyahe namin. We were so disappointed. Not the best customer service also, pwera na lang kay kuyang guard and one of their picnic area staff. Yun lang, overall the resort was far from being okay. We just had to maximize our payment pero never again."
100069111910985,azzurabeachresort,"DISAPPOINTED : EXPECTATIONS NOT MET!!!
 - Booked 2 new Villas not worth ,its pricy - water from the faucets are very dirty muddy /sandy toilets are filty. 
Customer service needs improvements ."
100069111910985,azzurabeachresort,"The customer service, especially on online bookings, is very poor. Weâ€™ve tried booking and inquiring for days and yet, it is still unsuccessful. They donâ€™t even answer the calls or questions we are sending through messages. We had to ask someone to book directly just to make it possible. I hope you can improve on this matter. Even until now, we still have no response, just automated messages."
100069111910985,azzurabeachresort,Poor customer service. Hindi sumasagot sa calls and chats.
100069111910985,azzurabeachresort,Their Staff are so friendly and they are already secured in everything
100069111910985,azzurabeachresort,the staffs are accommodating and the atmosphere is nice
100064329572985,people,"Pag uwi naman galing Danmar, sobrang kati ng katawan namin"
100064329572985,people,"sobrang mahal. sobrang dumi, esp cr"
100064329572985,people,"I didn't go there myself but my friends went and we were on a call together. The resort is not worth going to.
The pools were not well maintained (One pool was green and mossy, and the other was yellow), the beach was not clean, and the same goes for the bathrooms and shower rooms, making the expensive entrance not worth the price and they didn't even get to swim because of how dirty it was. The environment looks nice but it doesn't really make up for it since it's advertised as a beach resort, not a park."
100064329572985,people,Highly recommended resort. really cool ambiance... peaceful place... try to visit dan mar
100064329572985,people,nice and Worth it highly recommendedğŸ˜ğŸ¥°
100064329572985,people,"Poor customer service. Bathroom door broken/no lock; A/C not working, TV not working. Expensive, not worth the pay. The management needs to have set standards."
100064329572985,people,I like the view.. the place is so relaxing
100064329572985,people,"Cr so dirty, no soap. Super barado ang cr. Surroundings full of trash."
100064329572985,people,"malumot na yung side ng adult pool and madumi yung water.. kailangan pa namin magreklamo den naglinis na cla. yung bubong ng cottages paayos na din po kasi my mga butas butas na.. add na dn po sila ng shower area and cr na dn po. on d other hand, i think the place is nice and air is fresh. thumb ups also to ur kiddie pool, d kids enjoyed it! cleanliness lang po tlaga and for sure people wil come and flock ur resort.  thanks!"
100064165746516,people,nice place to relax and enjoy with loveones
100064165746516,people,Unexpected day trip in this new resortğŸ¤—
100065431721482,HugotBeachHouse,"Im currently here. A perfect place for family gathering. I hope they will keep it clean, I see a floating diaper could be from a local villager. Overall its a nice place to relax."
100065431721482,HugotBeachHouse,"âœ¨Family friendly, spacious n relaxing place, friendly staff very accommodating... 
â­ â­ â­ â­ â­"
100065431721482,HugotBeachHouse,"â­â­â­â­â­
FRIENDLY STAFFS
CLEAN PLACE
NICE  AND RELAXING AMBIANCE

will surely recommend it to my friends.."
100065431721482,HugotBeachHouse,"affordable, peaceful and amazing spot view with it's footbridge"
100065431721482,HugotBeachHouse,"Nice view,  nostalgic scenery,  refreshing water.  perfect spot â¤ï¸ ğŸš£â€â™‚ï¸ğŸŠâ€â™‚ï¸"
100065431721482,HugotBeachHouse,"Highly recommended
â­ â­ â­ â­ â­
nice ambiance, best place to spend w/ Family and Friends 
ğŸŒŠğŸŠâ€â™€ï¸ğŸğŸš£â€â™€ï¸ğŸ’›ğŸ’›ğŸ’›"
100065431721482,HugotBeachHouse,"This is a place where we can experience tranquility. We often spend our saturdays and sundays here. This place is so BEAUTIFUL, I swearğŸŒŠ Please visit here!ğŸ¤"
100065431721482,HugotBeachHouse,cleanliness place peaceful and fresh airğŸ˜Œ
100065431721482,HugotBeachHouse,"Best place to unwind â¤ï¸
You can find both peace and happiness ğŸ¤—â¤ï¸"
100065431721482,HugotBeachHouse,Thank you for the Free Accommodation for my Baby breastfeeding necessity â˜ºï¸ the whole place is very native and relaxing â¤ï¸
100066694352656,PinkSandBeachStaCruzIsland,"the friendly people, serene environment, clear fresh sea water and amazing tour around"
100066694352656,PinkSandBeachStaCruzIsland,"Beautiful white sand beach speckled with pink  sand stones.  With blue/green waters around  and peaceful surroundings...

Locals are friendly & accomodating.  You can also buy souvenirs... Would visit again this year.... â¤ï¸"
100066694352656,PinkSandBeachStaCruzIsland,Hopefully the local government continues to impose the no-plastic policy on the island and visitors strictly comply. Water gets deep quickly but very clean. Local residents sell food and drinking water. Highly-recommended island especially for good swimmers. :)
100066694352656,PinkSandBeachStaCruzIsland,"clean,safe,naturally beautiful beach......people there were so friendly n courteous.. i lje.zamboanga"
100066694352656,PinkSandBeachStaCruzIsland,Very relaxing place I Love this place.  Nice View nice place.
100066694352656,PinkSandBeachStaCruzIsland,very nice and clean so amazing
100066694352656,PinkSandBeachStaCruzIsland,I went to Santa Cruz island two years in a row. I love the unique pink beach. The crystal clear water and  the pink beach have remained in the same state as they were 20 years ago. Thanks to the city government for strict enforcement of regulations in the island and the cooperative guests.  Please visit this island enjoy swimming and donâ€™t leave any waste.
100066694352656,PinkSandBeachStaCruzIsland,"The place is nice, but the comfort/bath  rooms needs improvementğŸ™"
100066694352656,PinkSandBeachStaCruzIsland,very nice and relaxing beach resort!
100066694352656,PinkSandBeachStaCruzIsland,crystal clear Beach...courteous tourism officers..
100064940263398,pitasisland,"Trading with a trusted account manager is what can make your dreams come through. For me, Mrs. Robert Stella Fx offers the best trading strategies to win. I never believed in any post recommending online trading until I gave her a try and the outcome was great for me. Making $15,750 out of $1000 was a whole lot of profit for me. you can contact her via
Email: robertstella385@gmail.com        
WhatsApp   +1 (717) 742-0664"
100064940263398,pitasisland,This island really gave us an Oslob Cebu vibes. We enjoyed the trip to the highest level. ğŸ˜ğŸ¥° Super amazing and worth it. â¤ï¸ğŸ’• Tour guides are very kind and took care of us very much. ğŸ˜˜ğŸ¥° Will come back soon. ğŸ™ğŸ¼
100064584767000,PuertoVillaBeachResortOfficial,"All the staff is friendly, approachable and the place is quiet for relaxing worth to visit ğŸ‘"
100064584767000,PuertoVillaBeachResortOfficial,great place for a day out and refreshing pool with great cottages
100064584767000,PuertoVillaBeachResortOfficial,"nice place,they assist u if nid some help.clean place"
100064584767000,PuertoVillaBeachResortOfficial,Puerto villa beach and resort such a relaxing place that can makes you feel good and fresh at the same time.. can't wait to take my family there .. Again Puerto villa beach and resort are exciting and crystal sightseeing
100064584767000,PuertoVillaBeachResortOfficial,"Great pool I really enjoy the sliding, and of course the beautiful cottage where you can enjoy watching the sunset while sitting on the cottage."
100064584767000,PuertoVillaBeachResortOfficial,"Pool is polluted .. so many people. Wash area
Clogged.. no maintaining personnels around.. floating pampers at the beach . My first time here. Hope cleanliness be first priority..
But the place is cool.. looking forward managent can look into the cleanliness of the place.
Thank you.."
100064584767000,PuertoVillaBeachResortOfficial,We enjoyed it with family but thereâ€™s no refrigerator inside the rooms
100064584767000,PuertoVillaBeachResortOfficial,good place more affordable
100064584767000,PuertoVillaBeachResortOfficial,nice sliding ğŸ¤©and Good ambience â¤ï¸ğŸ™ğŸ¤©
100064584767000,PuertoVillaBeachResortOfficial,nice place to Chillax with friends and family love one's ğŸ¥°ğŸ’•
100078001923904,Shariffjane,it was such a pleasure to be with this place... it's perfect for meğŸ¥° serenity all over the place and love of nature is visible â¤ï¸
100078001923904,Shariffjane,It was a perfect wonderful day ğŸ˜
100078001923904,Shariffjane,Surely Babalik balikanâ¤ï¸â¤ï¸â¤ï¸
100063941023937,thebeachhouseatwestcoastpatalon,The  place is nice where you can chill and relax with friends and family...
100063941023937,thebeachhouseatwestcoastpatalon,Pangit lang ng rules nila. Masyado nila dinadown yung mga taong may psoriasis at other skin allergies. Bawal daw mag swimming yung taong may ganyan. Pasalamat kayo wala kayo ganyan. FYI hindi po contagious mga yan. Aral muna kayo. Sa genes yan. Kaya hindi dapat pandirihan. Kahit mga Hollywood star or anak ng mga artista like team Kramer may skin allergy anak nila.
100063941023937,thebeachhouseatwestcoastpatalon,Super ganda worth it tlga sha! â¤ï¸â¤ï¸â¤ï¸
100063941023937,thebeachhouseatwestcoastpatalon,"Ayusin nyo po reservation/booking process  nyo! Our  team already got confirmation from you. When we were about to pay the reservation fee, nabigay na raw sa iba yung particular date. Nakakita lang kayo ng pera, nasilaw agad! 

Our event is just 2 days from now! Now san namin gaganapin to? You have no idea of the bad impacts to your customers dahil mukhang pera kayo!"
100079326946930,vistadelmarresortzamboanga,Nice place for sunset view ğŸŒ„
100079326946930,vistadelmarresortzamboanga,"Poor customer service. Not flexible to the needs of her customers. Insensitive manager, the way she explains the circumstance is as if we're her staff. Put that into your head Ms. Manager while you're talking. You're such a hassle! No maintenance in the venue."
100079326946930,vistadelmarresortzamboanga,"Extraordinary view, friendly and caring staff, very clean rooms and FOOD TO DIE FOR!!!! I love it here! will definitely return!!!"
100079326946930,vistadelmarresortzamboanga,very very bad service..waited more than 45min for them to get our orders..understaff..nobody to welcome you when you arrive..need to call the waiter several time..on extreme i called thier number just for them to approach us for our order..so dissapointed w the service of this restaurant..definitely not coming back
100079326946930,vistadelmarresortzamboanga,"Iâ€™ve been here before some place have changed but it is still Nice beach to hangout, clean with complete water and waste facilities."
100079326946930,vistadelmarresortzamboanga,Got nice view and perfect ambiance. nice place to gather together with old friends
100079326946930,vistadelmarresortzamboanga,"LA VISTA DEL MAR RESORT&RESTO is one of my fav places every visits I make to my hometown Zamboanga City because of the cool breezy sceneries&heavenly delicious Pansit Sotanghon which I crave, any time of the day!!!!"
100079326946930,vistadelmarresortzamboanga,"the cottage is very expensive at Luma na, yung grill Luma din, kung gusto MO magsugba Hindi mo alam kung saan ka pupunta, sabi ng staff newly renovated daw Hindi naman."
100079326946930,vistadelmarresortzamboanga,"The ambiance is beautiful. We enjoyed staying there to wait for the sunset and had dinner. Masarap ang food nila and the staff are very polite and accomodating. Just maybe the beach needs improvement, medyu di magandang tingnan yung mga kalat sa beach..pero konti lang naman. All in all we loved the stay there. ï¿½ï¿½"
100079326946930,vistadelmarresortzamboanga,Sunset. Moon set. The food. Come and see for yourself.
100064937833600,3mjdhillsiteresort,thanks 3MJD. Sa uulitin ğŸ¥°ğŸ¥°ğŸ¥°
100064937833600,3mjdhillsiteresort,"To see is to believe...ğŸ˜ğŸ’¯ hindi ito expectation vs reality.. kung ano ang nasa picture, mas maganda pag sa actual..."
100066860530528,people,"It was really nice at Bamboo Resort and Restaurant. Kahit sobrang layo worth it naman pagdating duon, The river fresh water i really love so lamig. ğŸ¥° The resort offers affordable accommodation and all the staff were approachable. Can't wait to come back to your place for our next outing. Thank you again for the beautiful experience. â¤ï¸"
100066860530528,people,Not accessible for sedan car
100066860530528,people,Maganda yung place ğŸ˜Šand very fresh ang water ğŸ˜€
100066860530528,people,"nice po yung place kahit maliit lang,enjoy po kc ang lamig ng tubigğŸ˜˜ğŸ˜˜â¤â¤"
100064306051979,people,were safe @ secure inside the resort @ the people there are approachable
100084289009289,people,its a recommended place to go! the view is picturesque....friendly and accomodating staff....will definitely go back...
100084289009289,people,"breathtaking view, serene n cozy ambiance, cool clean fresh air, very warm n accomodating staff...Best deal for nature adventure"
100084289009289,people,Everything was nice. We will surely visit again.
100084289009289,people,Very nice and cozy place. The owner and staff were also very accommodating. we enjoyed our swimming especially when the pool turned red ğŸ¥°ğŸ¥°ğŸ¥°
100084289009289,people,Ganda ng view dito at peaceful
100066839372756,gardenorchidhotels,Great place for seminars!
100066839372756,gardenorchidhotels,"Nice place to stay for vacay..However, your front desk employees should possess a friendly smile po..parang galit if u have raised more than 5 questions po.
Room service was excellent during our stay...Rooms are too pricey compared sa ibang nice hotel po which are affordable with 5stars reviews..They always say na FULLY BOOKED na po ang medyo hindi kamahalan but d fact is der are still rooms available po..They offerred d suite room which is expensive po.."
100066839372756,gardenorchidhotels,nice location and people there
100066839372756,gardenorchidhotels,Delicious japanese food and friendly staff
100066839372756,gardenorchidhotels,one my favorite hotel in Zamboanga City
100066839372756,gardenorchidhotels,"classy place, good food and service"
100066839372756,gardenorchidhotels,Accessible to airport and the ambiance is so great
100066839372756,gardenorchidhotels,very satisfied and have a wonderful services pricey but whort it...good job
100066839372756,gardenorchidhotels,good room service and quite room
100066839372756,gardenorchidhotels,Nice place to have a peaceful rest.
100057741816282,people,"cold water, cheap fees worth the experience, friendly staff"
100057741816282,people,"Yes we highly recommend this place. The cleanliness, safe, staff, and the cold spring water. Overall ğŸ‘ğŸ‘ğŸ‘"
100057741816282,people,"It was the nicest relaxing experience I've had. The icy water, the staff,  and the place in general is 12/10."
100064644313486,OfficialLMMetroHotel,IT is nice accomodation  eautiful swimming pool
100064644313486,OfficialLMMetroHotel,"Outstanding Place 
Great Food
Good service"
100064644313486,OfficialLMMetroHotel,"I highly recommend to the best of Hotel, very approachable and clean"
100064644313486,OfficialLMMetroHotel,"Ambiance and fine dining.
Excellent cozy place"
100064644313486,OfficialLMMetroHotel,"safety swimming for kids,perfect ambience"
100064644313486,OfficialLMMetroHotel,"It's a nice place to stay here...come and visit now....very affordable..
I really love it â£ï¸....so what are you waiting for?...."
100064644313486,OfficialLMMetroHotel,nice place very relaxing to stay
100064644313486,OfficialLMMetroHotel,Great and very relaxing place to dine. nice ambience and a delicious food
100064644313486,OfficialLMMetroHotel,the ambiance was really comforting
100064644313486,OfficialLMMetroHotel,"all are best. from crew, attendant, receptionist and to facilities. completos recados"
100057608643346,margareetasfamilyresort,no offend mabaho ang tubiG ng pool tapos ang dumi pa ng cr walang tubig
100057608643346,margareetasfamilyresort,Maintain cleanliness and recommend that every an hour just clean the water inside the pool...
100057608643346,margareetasfamilyresort,"A nice place to relax,unwind and do bonding moments with old friends & love ones"
100057608643346,margareetasfamilyresort,"Bastos ng caretaker, di marunong mag trato ng mabuti sa costumer nila kala mo naman maganda resort nila, goodluck nalang sa resort nyo!!!"
100057608643346,margareetasfamilyresort,"affordable na man ang price nila kaso hindi ako nasatisfide sa 1200 na amenities nila . kaya nga kame nag overnight pra mkapag pahinga kaso grabe ang kapitbhay na kwarto nmin, ANG INGAY . Tapos akala ng nsa kbilang kwarto sila na umako ng buong resort . sana nman din kung sobra na masyado ang ingay dpat mismo caretker na mag take action pra mag sita . tapos tumatwag kame sa number ninyo , galit pa sumagot ung babae . sbi pa nya "" ano ba maam?! disoras ng gabi maam?!"" ganyan ba kayo magtrato ng customer nyo?! kung ayaw nyo magpadistorbo sna hnd na kau mag manage ng resort nyo . hindi nman po kame ttwag kung wala kameng sadya . tapos nagising ako around 6am , daming lumilipad na INSECTO ! nagtataka ako eh sarado nman ung kwarto at CR nmin . hays THE WORST tlga . HINDI NA MKAKABALIK PA . ayusin nyo resort nyo , sinayang nmin ung staycation nmin jan . sana tinuloy na lng nmin sa VIRNELL mas OKAY pa !"
100057608643346,margareetasfamilyresort,"Pool area is ok but need bigger space for adults. I like d garden, though. My son enjoyed d videoke. My grandson enjoyed d slides.
Shower rooms need repairs & maintenance. Cottages are good & affordable."
100057608643346,margareetasfamilyresort,"a little nice place and affordable than any other resort, ang hnd ko nagustuhan bastos at wlang respeto ang care taker hndi marunong mgtrato ng customer, basta basta nlang nila paalisin ng wlang abiso,sana b4 the end of time mgremind sila sa customer ,ma'am /sir mga ganitong oras time niyo na po or mag ask kung mg extend paba, magready na kayo,ganun dpat , wla eh biglang approach sayo ma'am time  niyo na out na kayo kc mglilinis na kami my mgchechek in,kabastos ba wlang mga manners mga matatanda naman Sana ,ano bang alam namin dpat sila ang responsible sa pgmanage ng time ng customer, take note second time na namin Un overnight dun, nung first ganun din ang ginawa nila, pinaalis kami kaagad kc my mgchechek in na iba, pinalampas lng namin kc hnd samin ung occasion, ngayon ky second time nkatikim tlga ung management mismo sa husband ko ...good luck nlang sa ibang mgovernight..hayssst"
100057608643346,margareetasfamilyresort,Nice and comfortable place. Perferct for family anc friends. Affordable and peaceful.ï¿½
100057608643346,margareetasfamilyresort,perfect place..ï¿½ï¿½ im so happy hve fun w/my familys..enjoy much as in..
100057608643346,margareetasfamilyresort,"maganda yung view kaso lang nakaka bastos ang mga taga reserve jan walang respeto,"
100063848078771,monteverderesort,Highly recommended ang resort. Binook namin is Choco House for overnight stay. House is huge with 2 rooms. Everything is great. Malinis ang pool and nasaktuhan na wala masyadong tao so we really enjoyed our swimming. The price is just right and most of all mababait ang mga tao (staff.) Great place for people gathering.
100063848078771,monteverderesort,"Place was awesome! Room were sanitized, and budget friendly ğŸ’› Staff were very accomodating. Our anniversary went very special. Thank you so much!"
100063848078771,monteverderesort,Perfect venue for any occassion.
100063848078771,monteverderesort,"So disappointed, sobrang Dumi nag pool May aso pang pinaligo. ğŸ˜¢"
100063848078771,monteverderesort,"the place is awesome,fantastic and very affordable."
100063848078771,monteverderesort,so far so good a very cozy place to be with the family
100063848078771,monteverderesort,"The most green places I love it, fresh air everywhere!"
100063848078771,monteverderesort,"Verdant ...lush green environment , plenty cottages , affordable entrance fee ! Free cottages &  plenty cottages for overnight stay ."
100063848078771,monteverderesort,sobrang saya..salamat sapag invite geral evad :D
100063848078771,monteverderesort,"just try
for you to experience too...
I've been there.."
100063647214137,people,"Nice Resort and VIEWSğŸŒŠâ›±!!!

Pakirenovate niyo nalang po yung TREE HOUSE niyo MAAM/SIR para mas lalong gumandağŸ˜ğŸ˜ğŸ˜...SALAMAT po sa magandang serbisyo niyo sa amin at sa FREE SHOOTING sa RESORT HEHEHEğŸ’™ğŸ’™ğŸ’™!!!"
100063647214137,people,"FYI Skyview Resort at San Roque / Skyview Resort, Sanroque Zamboanga City / Skyview Resort & Restaurant/ Skyview Resorts

Entrance fee 100 per head
Cottage 800

We went at your resort to have a pleasant stay with our family, to relax and unwind. But what we have experienced was a disaster.

The place is full of flies, parang bag bebreed ung mga langaw.

The resort is not organized, walang tubig ang toilets, madaming pusa at aso (nakagat ako)

I was bitten by a cat, there are more than 4 cats around. I informed the girl (maintanance at the gate). Sabi nila, hindi daw sakanila ung mga pusa in short â€œpusang galaâ€ ung kumagat saakin.. then why its even in your gated property? Paano pag may rabies yun tapos kumagat pa ng ibang visitor?

Ung mga foods namin puno ng langaw, nag bigay sila isang candle which is not enough kasi thousands talaga ang mga langaw parang basurahan ung place.

Ung tubig sobrang kati. ğŸ˜­ğŸ˜­

I have the right to complain especially more than 15 people kami na nag bayad ng 100 each at ung cottage nyong 800 na di namin maupuan or tambayan kasi puno ng langaw.

I do not recommend this resort at all."
100063966816643,people,Its a very satisfying feeling to be like in your own home when you stay in this resort!!!
100063966816643,people,"What I like most about Sunrise Family Resort aside from the place, house, pool, and ktv room are also the staffs and the owner who are very attentive and very friendly. I really recommend the place because you will feel that you are away from the city and you have the time to unwind and bond with your family and friends."
100063966816643,people,"The place is so cozy, homy, highly recommended for Family gatherings,class reunions, Birthdays, and many others , just see it yourself ğŸ‘ğŸ‘ğŸ˜œ"
100063966816643,people,"I highly recommend Sunrise Family Resort.. 
This is a homy, clean & private resort. 
Come one, come all friends & families...
Enjoy, have fun & have a wonderful memories, for you to have a story and experiences to share. 
â­ï¸â­ï¸â­ï¸â­ï¸â­ï¸"
100063966816643,people,"Sunrise Family Resort is beautiful, clean n a place that you can call a home for togetherness with frends n family..."
100063966816643,people,"yes thumbs up for this resort very homy clean rooms and pool, ang maganda kc covered ang swimming pool khit magbabad ka sa tubig dka mangigngitim kc hnde ka maiinitan ng araw..nice ktv room, immaculately clean amenities..responsive staff, bait ng may ari at friend ng may ari..this place is perfect for family bonding, bdays, ansd other special ocassions."
100064535508135,woodlandresort,"I highly want to recommended George Robert who helped me on Forex Trading here on this page and everyone on this page should try and participate on this and donâ€™t forget to thank me later. I keep on telling people that Mr George Robert is the best account manager that can help you on your Forex trading. with the help of Sir George, life has been so good to me and my family, I did an initial investment of $1,900 and I received a surprised profit of 2.475213 Bitcoins which is equivalent to $70,500 after 7days of trading, Forex trading is real and safe with the help of Mr George. Change your lifestyle in the next 7days by investing as low as $500 with George Robert forex trading and earn more than $17,500 in the next 7days... I'm telling you all this because I have been into this for Months and keeps me smiling! contact him via Email: georgerobertforextrader@gmail.com
Whatsapp helpline: +1(706)659-0437"
100064535508135,woodlandresort,Bad costumer service and incomplete menu.
100064535508135,woodlandresort,Impolite staffs. They have new policy on accepting guest but they did not provide notice  to the public that they are no longer accepting children which is contradicting to their post in which they still include the children rate. Nag commute lang kami and upon arrival they still waited for our service to go before informing us of their new policy. Hussle tlga kasi from the start wala silang binibigay na public adisory but they have lots of pics posted with children. Ang layo pa saan mkakahanap ng vehicle and even assisting nlng since may kasama kaming senior and bata wala. Bad management!
100064535508135,woodlandresort,"The resort has safe and clean pools for the kids. Foods are delicious and the staff are friendly. Open cottages are affordable and spacious, with wide and clean yards. Over-all housekeeping in the resort is commendable. We are planning to be back soon. ğŸ˜€ğŸ˜€ğŸ˜€"
100064535508135,woodlandresort,But no slides for children and adults to have more fun..no foods and drinks kaya no plan to  visit back..
100064535508135,woodlandresort,"Nice resort....I loved it,  I really like the views, it is my first time to see the resort."
100064535508135,woodlandresort,Ganda ng place nkahanap din ng solemn na resort pra mka rest at the same time mag enjoy.  nice din yung swimming pool. Ang sarap ng mga foods. Good atmosphere ng room nila.
100064535508135,woodlandresort,it's a nice place & views.but I hope you would be open for others foods & snacks to bring what I mean is sana pwd magdala kahit konting snacks lang tulad ng chichirya.
100064535508135,woodlandresort,Super nice and clean :)
100064535508135,woodlandresort,Najelitnije mesto u Kragujevcu i okolini!!! â¤ï¸ğŸŒŸğŸ‰
100064164966048,people,"So nice and clean, very accommodating owner, the staff are so kind and courteous ğŸ‘ğŸ‘ğŸ‘ğŸ‘ğŸ‘ thank you....."
100064164966048,people,é£Ÿç‰©ç¨®é¡å¤šè€Œç¾å‘³ï¼Œåœ°æ–¹ä¹¾æ·¨ï¼Œæœå‹™æ…‹åº¦éå¸¸å‹å–„ï¼Œå€¼å¾—æ¨ä»‹
